distance,duration,origin,destination
238,100,7,299
689,221,1,18
61,26,2,291
410,100,9,194
70,26,8,85
87,27,10,258
143,63,5,118
107,43,12,211
89,19,13,14
616,108,4,86
1692,355,6,284
47,32,18,336
1064,231,15,165
480,97,16,179
296,86,0,592
22,5,3,369
30,8,23,256
147,65,20,204
125,44,22,148
180,71,19,96
66,14,14,101
237,151,11,147
252,137,25,351
43,6,17,1839
6,1,21,232
57,8,28,237
238,138,26,207
34,16,24,1096
393,109,31,1388
59,22,33,345
639,176,36,6
118,39,30,127
93,42,37,276
78,46,29,224
758,206,34,329
333,105,27,309
57,21,39,335
43,17,44,122
40,29,43,156
51,20,32,197
347,145,40,279
185,65,42,342
64,26,38,261
15,2,47,194
6,1,46,308
6,1,35,82
594,225,50,363
469,137,48,119
18,1,41,87
62,21,52,80
128,73,55,284
64,38,51,290
36,45,45,98
53,13,58,365
38,8,53,260
1330,280,57,128
194,74,54,167
166,52,56,99
633,236,49,70
116,47,60,313
53,11,63,1434
1775,185,64,232
963,164,61,331
777,208,65,237
107,18,67,286
2,1,59,349
631,151,62,246
31,4,69,135
670,111,72,153
196,77,74,333
1324,252,71,111
273,95,66,261
85,30,77,1224
691,95,73,332
163,91,79,1288
17,2,68,296
72,30,81,375
6,1,82,35
457,142,78,778
552,175,70,49
2,1,84,590
437,91,80,52
2,1,88,695
18,3,87,115
463,75,83,778
842,297,76,85
69,17,85,8
95,63,92,161
733,212,75,347
119,56,93,840
312,99,94,191
110,58,86,247
1,1,89,207
189,39,95,211
71,31,97,1778
275,92,98,45
667,145,99,56
499,140,90,100
672,242,91,50
408,181,96,19
234,111,100,297
123,38,104,912
189,104,107,124
457,132,106,1388
51,4,102,227
390,110,105,665
107,67,110,1367
1822,381,112,504
66,17,101,14
969,176,108,136
45,18,111,912
2315,326,113,30
12,4,109,3508
50,20,114,223
11,3,116,376
131,56,118,5
1352,207,121,937
18,4,115,87
136,73,123,407
43,30,122,44
40,6,119,233
1,1,117,2840
189,68,124,107
912,218,126,253
1211,339,125,149
214,90,120,264
44,4,127,208
241,89,131,252
38,16,129,327
433,99,128,57
103,18,132,238
1714,382,133,271
296,79,130,282
31,3,136,108
16,5,103,160
8,1,139,3508
31,4,135,69
1111,247,141,845
720,221,138,598
1031,224,142,182
1280,296,143,1434
319,108,145,314
23,14,134,1266
806,220,144,1194
91,21,137,1108
38,4,146,157
615,162,150,224
908,327,149,341
742,175,151,163
1,1,147,11
448,128,148,9
548,201,155,342
1390,213,140,298
583,135,153,72
977,223,152,247
10,3,158,363
45,10,159,220
104,43,154,264
740,200,163,151
230,91,164,258
183,59,162,795
95,33,161,92
40,29,156,43
36,5,157,146
97,36,165,15
16,3,160,103
185,60,167,54
64,8,168,69
486,145,173,1745
111,40,171,300
1438,199,176,245
356,118,170,352
215,112,174,1239
593,105,169,921
47,19,166,306
29,5,180,59
55,31,175,327
661,161,179,16
63,16,178,180
1214,248,183,805
964,408,184,134
55,42,172,190
472,149,182,142
640,147,186,100
1272,273,181,889
1452,261,188,111
128,39,185,294
344,175,177,358
15,2,194,47
62,23,192,190
432,130,195,262
870,217,191,94
9,1,187,286
2563,412,193,24
2,1,189,499
55,10,190,172
149,64,199,196
1079,240,202,90
76,32,198,104
424,122,201,1388
95,71,197,283
60,34,205,228
302,119,196,199
187,88,204,20
99,65,203,222
44,20,208,127
563,169,210,55
102,26,200,836
946,256,212,161
107,39,211,12
360,134,206,257
1,1,207,89
557,169,217,64
238,106,213,42
45,12,220,159
13,4,209,346
680,183,214,125
400,113,221,218
176,82,219,288
249,96,215,270
5,1,218,221
104,56,222,229
18,2,224,150
60,27,228,205
4,1,225,275
164,78,229,273
88,37,230,338
44,4,226,350
10,3,235,147
27,11,223,1275
1796,201,232,21
97,64,234,952
297,67,216,960
103,30,238,132
43,12,236,263
40,10,233,119
15,2,237,65
1249,431,231,162
45,5,227,21
15,1,244,274
91,62,241,284
165,86,242,342
212,112,243,279
1494,299,240,911
779,222,249,274
249,88,250,192
122,63,246,62
225,54,248,94
454,157,252,131
168,71,245,271
3,1,256,317
975,267,255,12
653,170,247,152
456,165,239,921
346,110,257,41
229,89,258,164
271,97,259,71
38,9,260,53
381,117,261,38
1120,274,262,195
4,1,264,120
43,13,263,236
839,179,265,126
303,96,267,863
185,77,266,749
109,23,269,1313
742,131,254,365
47,15,268,321
166,64,270,215
324,97,272,339
2,1,276,357
65,19,273,129
179,83,271,245
248,98,277,131
103,68,279,1096
4,1,275,225
15,1,274,244
993,164,282,130
95,61,283,197
30,5,280,1173
81,38,284,55
1,1,278,314
79,46,287,241
60,19,285,263
64,18,290,51
394,151,281,1234
297,122,292,359
1335,245,293,373
342,108,288,219
9,1,286,187
1096,254,291,368
17,2,296,68
246,71,294,185
79,15,295,963
111,40,300,171
149,86,301,335
118,37,298,140
1176,327,303,1098
180,124,304,795
137,65,297,98
981,293,289,3317
249,76,299,7
513,124,302,366
1,1,307,3353
12,4,310,371
341,160,305,247
4,1,312,331
10,4,309,490
116,72,313,60
16,3,315,330
47,27,316,312
320,128,311,679
1273,239,306,166
3,1,317,256
6,1,308,46
2470,362,318,812
633,117,321,268
1,1,314,278
178,74,319,185
2139,355,320,2256
453,216,322,373
38,26,327,129
1154,256,325,3108
1515,383,329,34
58,16,330,1064
58,29,324,308
4,1,331,312
1280,332,328,48
605,102,332,73
2221,420,334,257
981,183,326,310
7,1,323,308
57,41,335,39
1,1,339,370
493,178,333,328
4,1,337,38
1326,288,338,3312
48,22,336,18
659,279,341,304
569,147,343,75
784,307,340,3469
13,3,346,209
321,138,342,42
2,1,349,59
59,33,345,33
2128,377,344,26
146,70,348,1717
224,92,351,313
356,162,352,170
846,222,353,622
1364,180,350,226
2039,414,354,358
1374,179,356,946
2,1,357,276
206,67,347,75
991,204,355,870
27,14,358,177
83,49,361,922
608,214,363,158
737,188,360,320
927,283,359,292
53,11,365,58
195,83,366,337
320,111,364,339
22,5,369,3
1,1,370,339
44,26,368,367
12,4,371,310
311,138,372,27
11,3,376,116
121,41,253,126
202,102,251,948
1378,233,362,418
44,15,367,368
72,23,375,81
265,101,374,321
187,85,373,322
109,15,377,61
523,194,384,409
252,82,380,535
1108,186,383,620
520,191,382,414
14,3,385,738
146,23,381,420
84,85,386,577
88,49,388,420
1864,227,389,465
493,156,390,1276
1666,346,379,551
38,15,378,442
1,1,393,1756
293,92,387,638
7,1,396,410
392,84,395,465
26,7,397,646
36,27,394,644
424,134,399,705
953,237,398,710
513,219,391,403
26,4,400,582
90,22,401,582
482,212,402,451
19,2,392,3351
335,85,404,727
223,56,403,391
2,1,405,625
245,105,407,908
180,46,411,461
389,141,406,708
210,81,415,725
96,18,413,1234
302,126,412,692
270,86,408,656
507,229,414,432
263,97,417,711
1,1,409,724
142,64,422,408
10,1,416,546
894,175,419,776
835,203,410,502
14,4,418,521
647,120,420,388
728,153,423,973
51,16,428,725
554,129,427,516
8,2,421,1045
848,205,429,507
13,2,431,655
128,45,424,612
129,39,425,450
324,105,430,711
106,40,435,625
1462,176,426,497
1513,345,437,501
79,14,433,539
658,287,432,414
125,72,439,462
67,16,441,388
37,25,442,378
495,94,434,563
2632,578,444,752
55,33,446,484
3,1,448,624
102,53,445,3211
74,16,436,764
1797,346,438,648
1249,326,450,425
1199,266,440,431
77,13,453,651
375,117,451,402
1121,219,443,516
132,42,455,565
29,3,454,687
292,125,449,460
2311,490,447,505
129,70,460,449
36,5,458,1287
1430,219,452,776
484,152,459,1217
224,52,461,411
208,69,456,1175
1,1,463,1259
128,67,464,1249
513,221,457,707
2040,202,465,389
82,41,467,410
388,125,468,711
285,82,470,453
1672,434,472,1311
642,245,469,383
270,83,474,721
469,149,477,723
117,38,475,761
155,79,466,624
308,87,473,680
1726,364,479,703
1605,485,480,424
649,166,471,589
125,53,462,439
55,21,484,446
75,26,478,1719
926,141,483,487
2133,341,486,1650
34,16,476,1755
5580,605,488,1785
896,235,485,655
3,1,481,700
3071,505,482,433
22,3,492,3513
535,194,489,744
4,1,495,562
526,173,493,3464
106,25,491,441
8,2,498,189
2,1,499,189
219,80,494,585
364,166,490,309
366,87,497,426
226,57,502,410
347,150,501,532
159,113,503,528
72,16,496,1082
606,155,507,716
458,145,504,112
237,99,511,709
1,1,506,508
8,1,487,664
618,203,500,676
551,131,508,506
336,150,509,88
10,1,516,427
1287,251,517,526
34,17,515,498
219,55,513,462
332,147,518,2277
52,24,519,576
2243,472,505,447
38,13,512,3389
1173,280,514,928
78,33,510,1315
13,1,523,695
747,232,527,417
2513,401,526,3357
2,1,529,495
605,144,520,608
226,105,525,528
14,3,521,418
582,180,530,693
417,127,524,394
727,177,534,658
7,2,522,1038
92,49,528,503
1104,207,537,714
35,4,532,536
528,197,538,474
79,12,539,433
35,4,536,532
151,49,540,433
195,112,542,430
25,7,535,633
206,127,541,678
1143,296,543,645
522,193,544,3483
674,107,547,427
441,145,531,633
103,42,549,416
43,7,545,572
682,136,548,509
921,204,551,379
297,132,533,515
3713,782,553,3300
763,186,557,3362
781,155,556,637
890,175,555,687
624,157,554,691
493,145,550,723
4,1,562,495
10,2,546,416
77,47,560,597
75,39,558,587
294,66,561,626
960,212,564,745
603,210,567,399
1506,387,568,726
3289,343,563,434
1542,396,569,3308
323,204,573,616
85,40,570,742
55,7,571,664
119,86,575,573
821,277,574,543
50,24,577,386
52,15,576,519
145,46,579,697
810,145,578,3255
1318,254,580,534
151,47,582,401
186,78,584,3484
886,233,559,485
163,81,586,511
78,35,587,591
2,1,572,562
1320,316,589,471
10,4,588,583
1,1,591,600
795,230,581,583
1024,351,593,694
10,7,583,588
1618,250,595,487
471,243,566,659
243,93,565,455
442,95,597,747
1026,251,598,138
2402,403,599,1976
1,1,600,591
2,1,590,84
756,173,601,406
49,11,602,739
225,100,603,748
2233,347,604,563
267,108,606,713
203,114,608,520
296,109,592,0
328,86,607,716
161,62,609,726
63,18,611,741
128,64,612,424
418,162,613,710
586,215,610,481
122,87,615,628
353,145,616,3479
299,112,617,819
521,188,614,609
183,47,620,411
1447,394,619,537
136,63,621,500
21,10,623,3280
3,1,624,448
2,1,625,405
469,97,626,561
1,1,627,729
122,50,628,615
259,73,552,3498
604,230,630,84
119,34,631,628
214,101,632,704
435,146,618,642
547,213,634,717
369,89,635,394
1988,375,594,1223
72,15,636,709
926,260,622,696
118,42,638,577
533,208,639,634
232,90,637,686
355,112,596,1683
607,234,643,575
401,97,644,394
912,293,645,543
27,10,646,397
224,60,647,416
1241,262,648,438
1182,387,649,441
9,20,650,678
1698,311,629,545
2054,279,651,453
705,214,652,489
696,193,653,605
127,51,654,590
893,231,655,431
269,89,656,408
501,76,657,702
435,120,605,614
990,299,658,534
496,262,660,3442
1002,259,633,531
151,54,661,717
471,178,659,566
42,11,663,1716
462,141,662,743
285,126,665,105
27,4,666,870
55,9,664,571
170,54,667,570
170,92,668,708
394,121,669,561
1556,282,671,554
2392,539,674,715
352,108,672,588
823,257,673,439
133,51,676,500
574,233,675,710
1063,246,677,540
523,195,585,417
453,211,670,713
431,158,680,473
972,286,641,628
102,29,681,358
1450,296,682,641
11,2,679,311
605,117,687,454
421,144,684,744
8,2,678,650
588,218,685,533
320,158,688,3341
643,231,686,650
994,198,640,677
682,150,693,530
592,178,689,523
302,108,690,457
680,198,642,618
1153,344,694,680
842,215,683,559
68,16,692,378
453,152,695,523
145,48,697,579
29,8,699,546
3,1,700,481
128,13,701,735
1065,253,691,554
833,274,698,470
1448,255,703,652
315,129,705,733
214,81,704,632
632,157,702,657
54,16,696,622
318,124,710,613
128,81,711,468
267,120,713,606
4,1,709,511
537,210,714,446
20,6,712,421
151,54,717,661
170,85,708,668
1203,246,718,3420
568,258,715,634
280,161,706,708
1425,373,707,457
46,25,720,726
270,111,721,474
51,19,725,428
277,97,723,477
367,77,716,607
335,66,727,404
1,1,729,627
1,1,724,409
110,33,719,3360
44,11,730,1687
1259,245,731,715
317,128,733,705
413,92,728,1790
128,23,735,701
627,181,726,609
297,99,736,419
344,101,737,747
121,33,732,3402
49,10,739,602
14,4,738,385
180,103,744,684
1,1,734,3276
2353,439,722,1164
64,22,741,611
85,35,742,570
3,1,749,861
737,229,740,1095
199,67,743,1303
40,26,750,931
2123,282,745,564
309,85,747,597
362,180,752,444
47,4,753,814
15,4,746,1095
91,63,756,801
2,1,754,789
1269,155,758,773
212,68,760,896
193,70,757,762
193,97,762,757
2830,409,755,833
550,91,763,863
2422,398,759,780
268,95,748,603
117,62,761,475
340,148,766,234
133,29,768,1265
45,26,769,857
165,87,767,954
940,178,751,108
587,228,770,772
75,29,765,932
144,49,772,952
322,60,764,436
97,69,775,324
1153,273,774,897
179,59,778,804
146,96,779,913
412,136,771,3506
1083,188,773,758
4,1,781,847
1131,225,783,123
219,74,784,947
118,38,777,236
339,120,785,904
3,1,782,960
136,66,788,761
600,162,776,452
425,96,790,918
605,102,780,759
15,22,792,913
96,58,791,760
1,1,786,958
1,1,793,841
346,146,798,879
732,247,797,810
762,254,794,240
35,32,795,304
39,31,796,880
483,109,799,817
33,8,801,843
2,1,803,915
1139,196,804,778
2,1,789,754
181,39,805,183
1892,226,802,875
111,43,787,935
750,157,807,1304
58,16,811,832
52,15,806,1248
156,63,800,928
302,106,815,1227
254,100,813,903
465,126,812,318
211,91,808,749
91,23,809,1165
260,84,814,856
997,158,816,351
1331,368,818,862
7,2,821,3510
513,191,810,797
513,150,817,843
234,85,822,940
18,4,824,764
997,206,825,945
395,126,819,2146
218,66,826,895
3,1,823,1087
233,71,827,894
2,1,820,829
60,14,833,925
1848,327,835,817
210,60,828,1656
2,1,829,820
8,2,831,1032
50,10,832,811
689,166,838,83
538,113,834,793
237,57,830,907
1174,356,837,939
52,56,840,750
759,213,836,200
1,1,841,793
33,3,843,801
990,191,845,253
180,39,844,1088
2580,375,849,2306
4,1,847,781
1020,303,850,304
264,61,851,909
29,7,842,370
1046,260,848,774
211,103,852,894
2079,280,839,1827
285,101,856,967
153,86,857,941
1283,172,854,873
386,149,859,868
903,231,846,1517
3,1,861,749
148,73,865,939
85,17,853,916
1376,243,862,169
442,164,863,267
95,50,855,926
29,25,867,1055
842,287,868,859
1411,221,869,356
1,1,864,909
3,1,871,857
334,109,858,33
1045,194,874,786
768,171,870,666
12,2,872,936
333,141,860,923
121,19,873,854
39,19,880,796
344,100,879,798
293,59,875,878
1257,283,877,838
175,48,876,859
45,14,883,937
569,131,882,889
720,146,881,965
241,82,884,922
283,113,886,919
70,21,888,760
67,10,878,875
229,64,885,890
22,3,866,929
285,101,892,967
330,129,890,885
1101,227,889,765
719,175,894,827
1884,251,895,878
10,3,897,821
142,12,891,932
1,1,899,930
309,91,900,904
26,4,901,898
33,3,887,841
27,4,896,924
59,13,902,791
211,73,903,813
49,31,893,810
257,140,906,444
100,60,905,873
1445,337,908,407
89,17,907,830
689,175,910,943
297,105,904,785
96,56,914,756
26,3,898,901
15,11,913,792
6,1,916,920
45,14,912,111
582,155,917,946
1073,212,918,790
2,1,915,803
25,11,909,864
924,188,919,770
358,128,922,884
1,1,911,927
95,27,926,855
1,1,927,911
27,3,924,896
184,73,921,239
6,1,920,916
22,3,929,866
1,1,930,899
40,18,931,750
333,96,923,860
219,110,933,942
982,126,932,891
953,194,934,141
1503,247,928,514
60,28,925,833
12,2,936,872
1381,155,937,883
731,165,940,783
61,17,943,910
328,162,941,857
15,3,945,679
261,97,938,904
121,64,942,872
5,1,949,1149
639,183,939,865
111,62,935,787
36,10,946,356
204,105,950,965
97,39,952,234
13,5,944,899
93,21,955,295
165,60,954,767
237,62,956,1216
901,231,951,965
1,1,953,120
1189,365,948,133
3,1,960,782
138,58,947,784
37,25,957,931
88,25,962,961
289,83,959,3208
39,15,963,924
1,1,966,1097
301,108,964,852
616,146,965,950
69,29,967,892
644,109,970,1046
49,6,971,1005
1,1,958,786
1403,386,968,1140
73,47,972,1146
2766,768,975,1129
34,10,961,962
10,2,976,1154
504,194,978,1139
233,96,974,867
290,125,969,1014
5194,507,979,1010
32,3,973,423
457,74,981,1156
1,1,977,3455
5,2,983,1048
17,3,984,1051
91,17,982,1086
766,330,986,3514
1166,269,987,1128
264,127,980,1098
94,46,985,1133
155,60,991,982
2,1,993,1051
919,238,988,1073
3,1,990,1037
499,233,994,1700
1423,420,989,1049
393,160,992,1071
4,1,997,1117
796,140,998,1134
575,177,999,508
2118,424,996,1074
308,94,1001,3221
516,197,1003,799
1262,1013,1004,1139
556,160,1006,3507
403,138,1000,1016
67,40,1002,1100
23,10,1009,1016
11774,803,1010,1121
391,127,1012,1066
105,36,1007,1011
105,52,1011,1007
2238,279,1014,969
5,1,1013,1061
49,9,1005,971
204,47,1018,1140
617,144,1017,1043
101,33,1016,1000
60,37,1020,1142
2,1,1015,1131
408,231,1019,1122
109,33,1008,1039
540,228,1023,1139
300,113,1021,3514
11,3,1025,1061
137,70,1026,998
714,219,1024,834
151,49,995,1019
203,60,1022,1035
1333,328,1030,1050
13,2,1027,1136
1,1,1032,3522
2,1,1029,1060
1,1,1028,1100
1011,392,1033,688
6,4,1034,1083
8,2,1039,1035
77,28,1041,966
8,1,1035,1039
226,126,1036,1122
366,138,1031,1156
553,98,1043,1017
483,131,1040,2605
27,3,1044,1042
574,110,1046,970
8,2,1045,421
248,83,1047,1101
2701,750,1050,1129
2,1,1051,993
2,1,1052,1117
27,2,1042,1044
3,1,1037,990
654,229,1049,989
5,1,1048,983
7,2,1038,522
102,75,1054,405
2,1,1060,1029
1769,394,1059,3221
710,260,1056,1124
795,168,1057,1134
29,13,1055,867
5,1,1061,1013
282,116,1063,977
345,168,1065,1101
58,14,1064,330
248,47,1066,1012
1323,317,1053,345
387,145,1058,1091
74,40,1062,1074
259,92,1071,992
158,74,1070,1037
31,27,1069,1157
91,35,1072,1103
1202,209,1068,2720
36,10,1076,1754
2182,427,1074,1062
875,269,1077,1145
827,191,1078,1068
8,2,1081,1144
1330,299,1080,1037
789,166,1075,1029
178,47,1067,423
71,37,1085,1107
916,173,1079,1017
255,193,1073,1148
343,137,1087,823
6,4,1083,1034
319,189,1090,1139
20,2,1088,832
238,78,1091,1058
14,2,1093,1027
19,4,1082,1718
204,68,1089,1060
386,73,1086,982
146,53,1094,2666
647,273,1092,1009
15,3,1095,746
502,90,1084,969
1,1,1097,966
750,227,1099,1026
317,83,1098,1133
4142,820,1102,1126
3,1,1103,1117
131,65,1100,1028
18,5,1096,24
1535,236,1104,811
347,104,1106,137
39,6,1107,1154
199,88,1101,1065
1,1,1105,1015
697,168,1110,1007
1441,264,1109,969
90,43,1108,1038
263,106,1112,1135
634,132,1115,1001
2,1,1117,1052
167,69,1114,1012
140,101,1111,1155
40,16,1118,1042
6040,622,1121,1010
618,132,1119,1075
226,87,1122,1036
232,55,1113,985
273,152,1123,1074
10,4,1126,1102
606,187,1125,1066
690,136,1120,1157
2494,610,1116,906
5,1,1127,1137
106,56,1128,987
90,64,1132,1102
317,131,1133,1098
1450,269,1130,1131
263,72,1135,1112
1547,345,1131,1015
131,55,1129,986
5,1,1137,1127
97,23,1134,1057
62,44,1141,983
60,27,1142,1020
297,131,1139,1090
310,148,1143,976
72,54,1124,1056
8,1,1144,1081
11,2,1136,1027
13,7,1146,1150
13,5,1150,1146
5,1,1149,949
326,136,1148,1073
203,57,1140,1018
9478,1310,1138,387
584,208,1145,1077
2304,630,1151,2793
988,207,1155,1111
38,8,1152,1145
31,14,1157,1069
10,1,1154,976
135,47,1159,1291
1,1,1163,1220
296,60,1153,1000
987,247,1160,1299
849,155,1156,1063
2,1,1162,1181
176,66,1147,1094
91,27,1164,3360
160,86,1161,1201
65,41,1169,1295
72,24,1165,464
275,127,1168,1215
351,148,1167,1195
137,80,1172,1206
870,165,1158,1194
596,221,1166,1266
79,10,1170,1202
176,34,1175,456
30,7,1173,280
2,1,1181,1162
1344,343,1171,1258
90,38,1177,1163
163,54,1178,1173
410,128,1174,1247
71,27,1179,1316
7,2,1176,1180
7,2,1180,1176
122,37,1187,1183
220,86,1182,1302
520,144,1186,1296
12,4,1188,1254
1402,240,1184,459
696,213,1192,1281
263,109,1185,1251
592,212,1191,1197
346,134,1183,1813
468,109,1189,1219
45,29,1194,144
1943,342,1193,1269
162,56,1198,1843
207,83,1196,1315
11,10,1199,1214
457,124,1195,1237
86,38,1190,1188
81,32,1200,1268
174,87,1201,1211
224,89,1208,1197
38,16,1207,1206
46,15,1205,1229
410,84,1209,1313
352,87,1203,1243
102,39,1202,1163
252,85,1197,1191
18,3,1204,1291
25,7,1211,1298
88,35,1213,1247
630,160,1210,1194
38,28,1206,1207
265,87,1216,956
275,132,1215,1168
1474,231,1217,1296
353,134,1219,1256
13,4,1212,1264
37,8,1222,1242
2122,450,1223,3303
66,6,1221,1662
229,96,1225,3317
1526,339,1224,3262
934,157,1228,1292
357,166,1226,1737
30,25,1227,815
10,9,1214,1199
75,21,1231,3444
1482,419,1218,1311
1,1,1220,1163
1212,192,1230,2698
227,115,1229,1205
96,13,1234,413
34,21,1235,1286
589,177,1237,1195
148,64,1239,174
203,92,1236,472
50,24,1233,1307
1115,193,1232,1191
7,3,1243,1244
116,85,1238,1235
7,2,1244,1243
175,61,1240,1213
88,55,1247,1213
52,13,1248,806
234,105,1241,1229
264,104,1250,1708
418,195,1249,464
4,1,1245,1304
79,45,1246,1301
37,10,1242,1222
239,97,1252,3309
14,10,1254,1188
22,8,1253,1261
1,1,1259,463
248,145,1258,1171
22,6,1261,1253
3,1,1260,1310
133,47,1257,1280
146,72,1251,1185
145,60,1255,1188
567,180,1263,1247
8,2,1265,1284
23,12,1266,134
195,76,1267,1199
13,4,1264,1212
1603,183,1269,1708
283,77,1270,1262
430,178,1272,1307
1077,216,1262,1211
187,70,1273,1179
27,5,1275,223
1096,398,1274,1182
369,128,1271,1173
54,50,1276,1268
97,37,1280,1158
684,458,1277,1172
82,35,1282,1305
211,87,1278,1277
353,100,1256,1219
319,123,1268,1200
5,1,1285,3353
8,2,1284,1265
34,24,1286,1235
36,5,1287,458
1420,304,1281,1192
1329,317,1283,1192
260,100,1288,79
354,133,1279,1249
18,1,1291,1204
956,135,1292,1228
304,73,1290,174
396,135,1289,1308
107,67,1295,1316
10,1,1296,1217
25,18,1298,1211
334,154,1302,1182
701,130,1294,1216
79,46,1301,1246
85,19,1293,3317
1644,427,1299,1160
4,1,1304,1245
533,232,1297,1303
51,47,1307,1233
230,105,1308,1300
129,89,1300,1313
163,68,1306,1169
398,159,1303,743
669,169,1309,1304
155,76,1311,472
82,17,1305,1282
440,146,1312,1222
107,44,1316,1295
332,116,1317,1380
83,23,1313,1300
764,183,1318,1447
260,109,1321,1462
45,16,1324,1390
188,79,1310,1260
351,175,1325,1500
65,42,1326,1430
524,147,1315,510
16,5,1319,1435
3,1,1322,1579
215,45,1328,1571
362,204,1320,1383
122,56,1327,1433
1578,403,1314,1311
1133,141,1330,3082
260,82,1329,1443
133,63,1333,1558
137,91,1334,1360
76,16,1332,1408
175,82,1338,1530
113,44,1337,1416
35,5,1323,1495
34,9,1335,1632
69,26,1336,1595
113,42,1339,1518
1,1,1342,1489
1032,405,1341,1420
42,11,1345,1563
28,14,1331,1359
126,40,1346,1587
41,15,1344,1473
196,68,1340,1584
401,66,1349,1510
90,30,1348,1437
309,166,1353,1524
1,1,1347,1342
276,111,1343,1440
19,5,1354,1474
350,190,1350,1502
244,69,1355,1570
2482,380,1357,1325
44,17,1352,1424
139,67,1358,1360
28,26,1359,1331
34,10,1351,1612
59,43,1363,1610
168,81,1361,1558
181,43,1356,1422
480,153,1364,1350
5260,644,1366,1472
222,93,1369,1420
155,40,1365,1543
427,125,1370,1540
6347,901,1371,1357
256,179,1362,1611
2305,378,1367,110
1104,246,1373,1574
869,291,1377,1489
1386,405,1376,1426
366,148,1368,3205
926,224,1378,1592
139,82,1360,1358
48,20,1375,1561
567,225,1380,1521
121,15,1372,1332
809,305,1381,1463
909,296,1383,1320
284,109,1386,1627
450,109,1385,1553
380,135,1388,106
803,247,1374,1479
894,163,1387,1382
201,54,1384,1513
650,196,1389,3434
7,1,1379,1467
290,101,1382,1345
20,6,1396,1428
340,157,1392,1595
223,92,1393,1421
8,2,1395,1463
131,67,1390,1541
1571,225,1391,1330
6159,750,1397,3094
134,79,1398,1624
1205,235,1394,1619
255,104,1404,1619
277,119,1405,1332
670,296,1402,1401
20,3,1400,1515
14,5,1399,1555
1184,239,1406,3253
72,53,1409,1570
76,48,1408,1332
88,48,1401,1402
219,78,1413,1329
589,145,1403,1392
1,1,1411,3511
572,188,1412,1429
233,98,1407,1405
74,43,1419,1609
108,23,1410,3205
161,78,1415,1451
412,141,1423,1340
688,246,1414,1458
1015,208,1422,1356
9,3,1418,1545
236,95,1417,1404
158,52,1420,1369
1,1,1425,1512
46,19,1424,1352
478,145,1421,1411
187,77,1426,1578
146,73,1427,1627
20,7,1428,1396
53,17,1434,63
762,162,1432,1474
70,54,1430,1326
20,6,1431,1458
56,20,1416,1347
255,62,1438,1590
788,337,1440,1401
375,146,1439,846
854,333,1441,1369
16,6,1435,1319
242,75,1429,1631
122,73,1433,1327
16,1,1443,1329
256,148,1445,1334
2549,495,1446,1445
34,13,1448,1527
213,98,1437,1348
60,16,1449,1467
823,228,1447,1318
189,86,1436,1584
389,136,1451,1415
3399,570,1442,1492
2784,435,1450,1552
357,132,1453,1383
70,55,1456,1608
1563,509,1452,1608
455,188,1455,1433
653,239,1444,3511
2748,372,1457,1459
20,6,1458,1431
8,2,1463,1395
15,6,1454,1610
76,23,1464,1594
480,78,1459,1607
457,170,1461,1599
244,138,1468,1320
1764,684,1469,1490
1789,270,1466,1532
24,3,1470,1531
1299,310,1460,1481
255,92,1462,1321
651,148,1474,1432
7,1,1467,1379
12,3,1475,1598
200,112,1477,1326
230,115,1479,1374
154,54,1465,1602
10,3,1476,1491
417,129,1480,1566
957,383,1471,1528
1038,382,1472,1550
42,12,1473,1344
260,73,1483,1484
402,185,1481,1441
431,119,1484,1483
339,97,1478,1622
50,10,1486,1516
17,3,1482,1511
134,73,1487,1435
142,46,1485,1490
10,2,1491,1476
1922,346,1488,1535
121,86,1494,1595
41,15,1493,1548
1966,411,1492,1436
1,1,1489,1342
327,123,1497,1585
174,86,1496,1606
1207,494,1490,1469
4,1,1495,1597
351,131,1500,1325
1091,224,1499,1591
71,14,1503,1592
245,124,1502,1350
1848,515,1504,1520
252,68,1505,1449
500,147,1498,1419
64,37,1510,1349
1589,430,1501,1567
1,1,1512,1425
1317,156,1507,3082
1141,286,1509,1589
17,6,1511,1482
20,3,1515,1400
357,127,1506,1503
202,90,1513,1384
1370,243,1508,1622
5,2,1517,1609
50,11,1516,1486
137,35,1520,1358
331,96,1523,1365
309,109,1524,1353
280,98,1522,1490
552,183,1518,1412
147,36,1514,1582
34,15,1527,1448
270,124,1528,1541
1470,252,1519,1562
266,119,1525,1630
281,83,1526,1607
137,74,1533,1573
247,147,1521,1380
175,72,1530,1338
329,98,1529,1631
376,147,1536,1590
440,151,1538,1536
1214,293,1539,1571
23,2,1532,1466
131,60,1541,1390
106,42,1540,1628
680,206,1542,1583
24,5,1531,1470
39,10,1537,3521
9,3,1545,1418
569,213,1544,1598
238,74,1546,2944
265,83,1534,2943
41,31,1548,1493
349,89,1543,1413
344,108,1535,1604
1030,281,1547,1478
332,114,1554,1485
1038,398,1550,1472
450,93,1553,1385
33,11,1551,1577
98,46,1558,1331
35,36,1556,1634
411,162,1559,1421
663,144,1552,1450
64,37,1563,1561
338,114,1549,1471
14,4,1555,1399
2183,426,1560,3316
95,43,1564,1351
48,33,1561,1375
341,136,1566,1437
124,28,1568,3493
251,101,1569,1545
72,29,1570,1409
581,208,1557,1319
144,46,1565,1572
566,191,1562,1519
1890,447,1567,1501
137,54,1573,1533
21,4,1572,1634
187,82,1578,1426
626,167,1575,1497
33,10,1577,1551
215,42,1571,1328
3968,434,1576,1507
43,33,1580,1347
3,1,1579,1322
110,30,1574,1527
2,1,1581,3005
147,49,1582,1514
6,1,1585,1606
126,55,1587,1346
150,74,1588,1487
1211,415,1583,1542
757,206,1586,1630
80,41,1594,1352
375,118,1590,1536
38,15,1591,1593
907,263,1589,1509
197,90,1584,1340
69,36,1595,1336
4,1,1597,1495
62,27,1596,1322
422,186,1601,3193
1102,204,1600,1484
16,6,1603,3207
38,12,1593,1591
36,14,1602,1603
457,155,1599,1461
12,3,1598,1475
8,1,1604,1620
307,111,1592,1503
70,40,1608,1456
5,1,1609,1517
6,1,1606,1585
214,67,1607,1526
174,97,1614,1629
893,201,1615,1328
15,5,1610,1454
302,222,1605,1469
34,10,1612,1351
2536,332,1617,1616
1232,251,1613,1523
6,2,1611,1362
673,199,1621,1345
349,76,1622,1478
15,2,1619,1394
715,145,1616,1617
129,61,1624,1398
8,1,1620,1604
1225,283,1625,1386
145,58,1626,1525
1234,235,1618,3162
284,65,1627,1386
266,118,1630,1525
34,5,1632,1335
280,127,1623,1333
106,63,1628,1540
1551,286,1633,1339
368,192,1639,1809
1211,260,1638,2328
156,53,1637,1723
699,211,1631,1429
122,21,1640,1720
110,58,1636,1783
93,39,1629,1614
10,3,1643,1666
1323,339,1635,1638
1110,339,1645,1673
1,1,1642,1778
11,2,1644,3431
467,247,1648,3271
119,44,1651,1825
35,24,1634,1556
9,2,1650,486
309,144,1641,1814
151,59,1654,1731
163,70,1647,663
57,24,1653,1846
201,82,1649,486
3,1,1656,1816
349,144,1646,1825
89,30,1652,1814
827,223,1658,1647
168,73,1660,1642
91,35,1657,1833
23,13,1664,1833
190,65,1663,1652
41,31,1655,1807
280,96,1661,1761
17,22,1659,1820
250,100,1662,1678
48,31,1669,1659
1,1,1670,1738
1160,196,1665,1797
10,2,1666,1643
520,146,1671,1835
50,46,1676,1729
344,117,1673,1699
2,1,1672,1736
3,1,1677,1770
115,62,1667,1771
974,273,1668,1679
387,149,1678,1693
145,73,1680,1720
68,34,1681,1730
37,29,1674,1800
205,24,1675,1706
91,58,1679,1668
800,273,1685,1714
2501,335,1686,1701
1239,371,1682,1808
22,5,1687,3319
195,81,1689,1777
240,94,1688,1769
494,166,1692,1725
331,106,1690,1822
213,89,1684,1398
282,103,1683,1651
1,1,1694,3369
217,71,1695,1732
37,16,1697,1772
133,73,1696,880
597,126,1699,1673
1631,376,1691,1672
42,14,1704,3449
278,102,1693,1678
36,3,1705,1786
323,96,1706,3254
1208,186,1702,1748
198,104,1710,1809
209,77,1707,1772
853,137,1698,1774
894,175,1703,1789
330,84,1701,1686
23,8,1712,3502
392,115,1714,97
33,32,1716,1767
272,99,1708,1250
4,1,1709,3487
19,3,1718,1082
75,44,1719,478
83,50,1717,1796
653,158,1721,1837
499,126,1715,1773
884,229,1713,3261
6,2,1711,3352
867,238,1722,1728
223,94,1723,1637
77,48,1720,1781
558,156,1724,1781
5,1,1726,3516
481,183,1725,1692
6,1,1700,994
181,16,1727,1774
68,24,1730,1681
50,22,1729,1676
1,1,1731,1755
2,1,1736,1672
8,2,1733,2305
179,72,1732,1743
9,3,1739,1824
27,8,1737,1226
1535,310,1728,1774
114,36,1741,1809
1,1,1738,1670
59,27,1740,1810
1288,232,1743,1840
8,3,1746,1821
577,219,1734,1745
248,148,1744,1646
374,180,1747,1765
163,79,1749,1817
53,15,1735,1751
53,16,1751,1735
38,47,1754,1830
1,1,1755,1731
115,54,1752,1674
488,194,1745,1734
423,179,1753,880
513,140,1750,1760
1,1,1748,1702
339,163,1742,428
280,162,1761,1661
430,185,1759,3311
632,209,1760,1663
1,1,1756,393
307,132,1763,1760
134,59,1764,1645
17,2,1766,1834
2220,518,1758,1831
505,116,1765,1747
108,48,1762,1775
94,13,1768,1671
365,154,1767,1716
623,270,1757,1661
69,22,1769,1739
3,1,1770,1677
110,63,1774,1728
195,84,1777,1689
187,70,1771,1667
380,104,1773,1715
1029,199,1776,1685
37,28,1772,1697
4,1,1781,1720
1285,273,1783,1792
1,1,1778,1642
652,224,1780,1795
252,107,1782,3370
442,75,1779,1640
131,53,1784,1655
23,2,1788,3515
198,78,1787,1719
108,69,1775,1762
479,149,1792,1783
890,132,1789,1757
850,184,1790,728
358,154,1794,1699
18,1,1786,1806
1277,381,1795,1780
89,50,1785,1832
111,49,1796,1717
37,16,1800,1674
13,2,1797,1665
146,73,1799,1838
28,2,1798,1725
266,150,1791,1667
41,19,1807,1655
672,183,1801,1722
1579,265,1806,1786
460,155,1802,3493
510,200,1803,1818
1643,275,1793,1806
128,63,1805,1754
306,97,1811,1794
368,183,1809,1639
62,21,1808,1737
89,16,1814,1652
151,78,1804,1732
3,1,1816,1656
437,150,1818,1803
346,95,1813,1183
327,113,1817,1749
215,93,1823,3260
167,94,1819,1667
298,49,1815,1727
469,107,1812,3398
8,3,1821,1746
59,41,1810,1740
9,3,1824,1739
1139,387,1828,1749
73,43,1826,1824
178,95,1825,1651
17,9,1820,1659
89,27,1832,1785
18193,1153,1829,2329
62,11,1822,1820
402,116,1834,1766
479,188,1831,1758
54,32,1835,1671
2130,318,1827,486
319,182,1833,1664
1128,355,1837,1721
38,21,1830,1754
1314,223,1840,1743
164,43,1844,1785
982,277,1841,1842
43,10,1839,17
9,3,1836,3405
2214,494,1842,1841
184,94,1838,1637
78,37,1843,1644
809,173,1845,1779
1303,405,1849,2260
2614,444,1847,796
494,195,1851,2603
917,182,1855,1923
99,29,1852,1998
125,59,1846,1653
33,12,1856,2183
534,190,1859,631
133,30,1858,1977
581,175,1854,2607
173,29,1861,2105
207,24,1853,2033
49,32,1857,2574
914,360,1850,1944
452,164,1862,2124
514,88,1848,2043
3970,522,1864,1893
57,45,1863,2026
1050,170,1869,2207
4073,645,1868,2266
2054,224,1860,2200
6692,579,1867,2082
595,110,1865,1896
42,9,1870,2135
191,46,1871,2115
463,74,1873,2026
512,125,1872,2019
505,77,1874,2121
253,101,1878,2088
1002,376,1877,1973
1461,186,1881,2062
58,65,1880,2112
128,48,1875,2291
682,240,1879,2145
1,1,1882,2240
1,1,1884,2102
10,3,1887,2169
193,58,1886,2047
18560,1930,1866,1864
31,26,1889,2071
13,2,1885,2013
106,20,1890,2083
833,248,1876,2065
4232,512,1893,1864
859,132,1894,1903
537,64,1896,1865
77,24,1883,1965
4,1,1892,2550
231,38,1897,1902
19,4,1891,3286
1332,212,1898,2011
65,26,1888,1924
1804,254,1901,3216
243,79,1895,2184
517,118,1905,2168
1381,218,1899,2061
12532,1422,1907,1918
1776,250,1904,2095
209,111,1900,1919
125,46,1906,2458
421,141,1909,1977
325,101,1910,2238
2374,358,1914,2661
263,74,1912,2255
453,98,1903,2266
269,114,1915,1996
465,221,1916,1988
1011,276,1911,2032
3416,524,1917,2267
22070,1972,1908,1911
231,49,1902,1897
263,106,1920,2143
751,101,1918,2534
2669,409,1913,2237
2992,528,1923,1925
148,59,1919,2072
694,189,1921,1982
751,183,1928,1927
44,30,1925,1923
11,5,1929,1962
51,36,1926,2623
26,8,1930,2567
1,1,1922,1954
91,39,1933,2163
65,15,1924,1888
244,88,1934,2021
1952,282,1936,2138
395,36,1935,2329
152,55,1931,2149
91,27,1939,2114
868,233,1942,2177
1,1,1940,1957
1,1,1937,2203
23,8,1945,2176
185,63,1927,1928
237,91,1932,2440
234,50,1946,1880
1462,211,1943,1873
1,1,1944,1850
150,39,1948,2025
1113,296,1938,1940
937,145,1949,2212
349,114,1950,2205
189,92,1947,2099
11401,1709,1951,1952
1,1,1954,1922
316,112,1955,1964
1643,344,1953,2093
10904,1599,1952,1951
4143,538,1956,2093
18,4,1958,2153
1,1,1957,1940
11,4,1962,1929
1066,259,1963,1992
498,120,1960,2238
373,129,1961,2047
354,106,1941,2523
53,19,1959,2265
492,76,1967,2101
165,42,1964,2058
1108,208,1966,2103
723,202,1971,2096
96,24,1965,1883
1,1,1969,2588
18,2,1977,1909
589,153,1968,1931
1020,236,1975,693
2016,382,1976,599
270,74,1972,2263
905,174,1980,2235
1037,146,1974,2751
1553,239,1970,2201
328,146,1982,2122
319,76,1983,2030
1,1,1979,2566
1,1,1981,2234
27,16,1984,2175
1088,421,1973,1877
1653,437,1987,2148
378,113,1991,1931
347,182,1990,1988
2873,239,1989,2032
872,202,1978,1888
1798,433,1992,1963
295,122,1995,2068
335,146,1988,2179
833,228,1985,2122
1,1,1994,2363
115,22,1993,2070
751,176,1998,1852
585,150,2002,2019
1211,252,1986,1998
1,1,1997,2615
169,103,2001,2110
6,1,2003,2021
156,107,2000,1962
64,41,2005,2190
29,8,1999,2028
151,48,1996,1915
51,15,2007,2719
648,173,2010,2034
3168,463,2009,2181
196,118,2006,2067
4,1,2015,2047
178,26,2011,1898
284,79,2008,2145
13,2,2013,1885
451,211,2014,2129
61,18,2012,2211
108,53,2018,2623
1,1,2022,2003
2766,494,2004,1883
840,168,2020,2624
6,2,2021,2003
1240,187,2016,2037
85,27,2017,2038
350,96,2019,2002
1487,383,2024,2152
295,77,2023,2083
516,133,2029,2063
1551,355,2030,1983
281,129,2027,2130
150,49,2025,1948
557,106,2035,2008
140,92,2034,2170
77,46,2031,2131
1011,273,2032,1911
194,77,2039,2072
57,28,2026,1863
29,8,2028,1999
94,63,2036,2370
8,3,2041,2193
412,118,2037,1965
85,44,2038,2017
61,27,2033,2058
390,131,2043,2206
1,1,2047,2015
567,161,2045,2142
83,22,2042,2140
28,6,2049,2174
326,145,2044,2073
1199,174,2050,1996
1105,330,2053,2825
172,95,2051,2086
6,2,2048,2185
160,42,2057,2204
543,148,2040,2133
142,28,2052,2262
90,44,2046,2081
5,1,2056,2265
61,17,2058,2033
284,47,2059,2191
57,13,2055,2235
58,20,2060,2125
644,136,2054,2027
61,16,2062,1881
453,105,2065,2145
419,125,2061,1899
315,162,2064,2196
31,11,2071,1889
185,61,2069,2100
119,69,2070,2134
1342,285,2068,1996
148,82,2072,1919
385,91,2074,2461
55,15,2073,2179
1672,363,2075,1947
80,30,2066,2171
186,50,2063,2029
61,17,2077,2229
90,34,2081,2046
1026,164,2067,2099
1118,259,2080,1947
88,23,2079,2220
1462,126,2082,2059
222,70,2084,2164
361,161,2078,2884
98,25,2083,2023
199,34,2090,2264
138,51,2089,2196
65,38,2091,2135
647,135,2076,2103
1643,335,2093,1953
10,1,2085,2111
15,1,2087,2104
476,121,2094,2122
253,119,2088,1878
846,205,2096,1971
24,3,2098,2103
923,198,2092,2007
1774,250,2095,1904
139,10,2086,2051
183,54,2100,2069
24,4,2103,2098
1234,171,2104,2087
57,20,2101,1984
206,50,2097,2038
755,176,2099,2067
518,215,2106,2225
243,123,2110,1958
58,28,2112,1880
813,174,2111,2085
325,114,2113,2209
1,1,2102,1884
246,53,2109,1955
52,21,2108,2124
2096,253,2118,1902
20,24,2105,2210
1630,226,2117,2116
253,90,2107,2049
185,55,2115,1871
1630,202,2116,2117
328,127,2122,1982
253,75,2121,1874
845,129,2120,2240
377,120,2123,2183
58,22,2125,2060
369,64,2119,1861
599,151,2127,2160
1049,237,2132,2015
758,168,2128,2063
780,274,2126,2194
77,31,2131,2031
52,30,2124,2108
42,10,2135,1870
546,149,2133,2040
451,177,2129,2014
350,149,2130,2246
91,24,2114,1939
119,74,2134,2070
567,158,2142,2045
1274,202,2141,2182
309,101,2137,2189
340,63,2144,2220
679,220,2139,2215
932,296,2136,1870
31,14,2148,1987
549,175,2149,1931
1952,259,2138,1936
439,96,2145,2008
462,101,2151,2153
119,39,2147,1926
261,90,2150,2205
161,58,2143,2170
1092,226,2152,2542
562,44,2155,2228
275,96,2157,2102
194,44,2156,2191
18,3,2153,1958
142,44,2158,2203
83,31,2140,2042
533,192,2146,829
218,71,2164,2084
11,3,2160,2127
129,42,2161,2188
453,136,2165,2719
736,109,2159,2227
2288,378,2166,2492
15,5,2162,2196
1346,233,2168,1905
197,73,2163,1933
10,3,2169,1887
1803,283,2172,1972
184,56,2170,2034
446,113,2167,2013
80,33,2171,2066
28,6,2174,2049
27,26,2175,1984
352,77,2180,2178
56,17,2179,2073
23,8,2176,1945
91,23,2173,2114
33,12,2183,1856
270,57,2154,2219
341,92,2177,1890
1424,298,2178,2180
256,95,2184,1895
6,1,2185,2048
1515,390,2181,2217
129,53,2188,2161
413,93,2189,2137
1495,260,2186,2189
315,139,2192,2044
594,103,2191,2156
557,156,2194,2233
3028,473,2195,2639
15,5,2196,2162
8,2,2193,2041
150,58,2190,2005
136,56,2187,1887
612,162,2198,2035
335,52,2200,2156
126,42,2197,2223
1,1,2203,1937
286,134,2182,2216
3791,533,2199,2250
160,72,2204,2057
508,90,2201,2244
19,5,2210,2105
390,118,2206,2043
325,104,2209,2113
3258,489,2208,2231
937,116,2212,1949
1523,236,2202,2116
1313,222,2214,2260
1050,203,2207,1869
651,87,2216,2258
584,234,2213,2257
61,11,2211,2012
2249,416,2217,2152
88,24,2220,2079
216,77,2221,2171
261,68,2205,2150
237,66,2222,2259
468,115,2218,2236
437,112,2226,2259
126,70,2223,2197
644,184,2215,2174
979,118,2228,2155
769,180,2225,2024
286,139,2230,2051
298,42,2227,2224
3086,453,2231,2199
622,105,2219,2154
298,42,2224,2227
57,11,2235,2055
1469,220,2237,2132
613,231,2238,1960
572,175,2233,1870
287,94,2240,1882
5260,647,2232,2208
467,103,2236,2218
1410,240,2241,2264
2832,453,2242,2243
1,1,2234,1981
11,1,2245,2258
883,130,2243,1964
70,29,2247,2254
97,36,2239,1924
508,100,2244,2201
61,28,2229,2077
171,60,2251,2034
3801,606,2250,2199
235,115,2253,1960
187,81,2249,1983
70,41,2254,2247
283,100,2252,2371
790,144,2258,2245
61,40,2257,2203
261,120,2246,1878
263,96,2255,1912
50,35,2248,2162
128,56,2260,2223
244,85,2261,2039
3083,379,2262,2052
453,110,2266,1903
12,3,2267,2528
475,221,2256,320
968,163,2263,1972
237,85,2259,2222
199,55,2264,2090
598,195,2269,1850
5,1,2265,2056
171,46,2271,1959
833,145,2270,2199
1311,284,2273,2245
308,109,2274,2401
146,55,2272,2137
168,55,2279,2309
212,99,2276,2606
15,10,2268,2148
206,127,2278,2299
24,24,2281,2347
128,66,2282,2509
272,75,2275,2290
26,16,2283,2551
273,114,2285,2411
211,91,2277,518
884,237,2287,2436
82,45,2280,2513
128,24,2291,1875
1048,189,2290,2275
25,9,2293,2610
1286,276,2289,2564
27,25,2295,2300
10,3,2286,2601
1517,348,2296,2378
3,1,2297,2390
257,100,2288,2350
136,49,2294,2285
866,221,2292,2343
345,76,2301,2537
717,175,2302,2530
271,85,2303,2616
32,9,2284,2556
170,121,2304,2515
7,2,2305,1733
6,2,2298,2340
106,24,2308,2341
1223,345,2307,2447
458,114,2306,2537
4899,566,2310,2560
230,91,2312,2444
124,49,2313,2354
27,10,2300,2295
168,52,2309,2279
45,11,2314,2999
42,30,2316,2525
349,178,2299,2278
306,156,2317,2316
59,48,2322,2525
220,70,2318,2317
89,50,2319,2562
74,25,2315,2359
29,10,2327,2415
8,1,2321,2396
120,53,2323,2527
335,147,2324,2337
586,105,2326,3197
155,63,2325,2387
414,127,2320,2420
649,162,2328,1638
271,48,2330,2616
23,24,2331,2499
377,180,2335,2567
2896,504,2329,1829
1232,250,2336,2427
224,67,2311,2529
265,88,2333,3505
149,67,2334,2493
24,15,2339,2372
331,169,2341,2308
518,163,2344,2527
690,222,2340,2298
904,329,2345,2562
298,83,2342,2395
10,3,2346,2472
377,135,2337,2324
5,1,2332,3287
1635,217,2338,1896
68,40,2343,2292
163,79,2350,2607
118,52,2351,2573
1480,323,2348,2508
245,105,2352,2582
24,10,2347,2281
5137,538,2357,2351
350,157,2349,2327
194,83,2355,2612
935,323,2356,2524
327,106,2358,2386
955,257,2361,2474
62,30,2354,2434
58,28,2360,2518
69,30,2364,2525
145,77,2353,2385
24,9,2365,2483
931,298,2369,2280
939,225,2366,2607
78,42,2359,2315
1,1,2363,1994
91,44,2368,2379
345,112,2371,2127
94,37,2370,2036
3740,523,2373,2443
94,45,2362,2464
239,105,2367,2606
390,164,2374,468
24,26,2372,2339
176,81,2376,2399
8,1,2381,2397
142,29,2380,2402
30,6,2375,2422
384,96,2383,2586
172,52,2377,2533
91,59,2379,2368
488,124,2378,2416
1906,395,2384,2589
155,103,2385,2353
290,81,2388,2445
220,84,2382,2437
3,1,2390,2297
42,10,2389,2420
327,131,2386,2358
503,258,2394,3098
5,1,2387,2409
386,131,2392,2449
337,156,2399,2376
37,14,2398,2459
108,44,2395,2342
25,7,2400,2432
1894,595,2391,2960
11,2,2402,2604
89,23,2393,2545
370,157,2401,2478
54,18,2403,2575
8,3,2397,2381
258,76,2407,2561
364,166,2406,2433
8,1,2396,2321
484,179,2405,2566
436,157,2414,2457
138,57,2410,2379
685,195,2404,2579
137,66,2416,2315
484,171,2412,2281
584,167,2413,2444
29,10,2415,2327
42,12,2420,2389
5,1,2409,2387
187,104,2421,2591
515,192,2417,2343
141,123,2418,2593
273,160,2411,2285
217,93,2408,3112
35,7,2423,2409
30,8,2422,2375
88,37,2426,2440
300,97,2427,2375
54,33,2419,2540
386,169,2429,2500
9,3,2431,2441
133,29,2428,2398
135,91,2433,2406
97,61,2430,2609
305,107,2425,1930
195,53,2435,2457
25,7,2432,2400
62,16,2434,2354
135,40,2439,2425
91,39,2424,2618
704,180,2437,2382
452,109,2438,2418
54,27,2444,2312
229,110,2443,2451
88,45,2440,2426
103,39,2446,2584
28,8,2447,2465
213,126,2449,2474
391,123,2436,2423
79,41,2451,2603
154,45,2445,2588
29,29,2441,2431
418,125,2450,2564
25,7,2442,2496
290,129,2452,2372
254,107,2453,2598
345,112,2457,2456
485,95,2454,2399
908,252,2448,2554
37,25,2459,2398
177,51,2456,2457
242,113,2460,2335
284,83,2461,2046
1647,412,2455,1892
219,79,2463,2312
929,350,2462,2562
106,60,2458,2623
94,28,2464,2362
366,106,2467,2298
464,150,2466,2465
10,2,2472,2346
61,17,2474,2361
109,35,2468,2601
673,241,2473,2447
137,76,2470,2568
1027,335,2469,2298
258,75,2471,2386
1580,323,2476,2391
785,434,2480,2559
118,105,2475,2507
261,112,2482,2479
370,172,2478,2401
130,79,2477,2511
24,7,2483,2365
2495,416,2484,2580
984,288,2487,2447
28,8,2465,2447
261,103,2479,2482
786,357,2488,3218
344,150,2489,2522
1504,440,2491,2621
357,84,2493,2517
6324,828,2492,2166
1560,352,2494,2303
1104,186,2481,2563
163,51,2486,2597
13,4,2490,2538
3574,553,2495,2594
1713,405,2485,2560
318,80,2497,2614
69,47,2496,2442
507,118,2503,2559
730,256,2502,2408
153,66,2500,2429
1723,225,2505,2555
2,1,2499,2536
414,142,2507,2475
128,48,2509,2282
303,70,2498,2318
43,14,2506,2580
206,47,2501,3054
752,174,2504,2553
82,72,2513,2280
1,1,2515,2532
599,230,2514,2572
344,165,2508,2444
424,119,2519,2485
2166,483,2520,2308
157,51,2517,2493
320,126,2512,2942
41,30,2522,2583
1319,247,2516,2370
130,52,2511,2477
28,8,2524,2356
58,38,2518,2360
314,126,2521,3098
12,3,2528,2267
1732,249,2510,2514
1346,345,2530,1733
138,65,2526,2609
42,20,2525,2316
525,143,2527,2323
1,1,2532,2515
1532,190,2534,1918
345,73,2537,2301
154,50,2535,2528
169,73,2533,2346
13,4,2538,2490
45,17,2539,3179
140,48,2523,2592
17,5,2531,2559
2,1,2536,2499
67,22,2540,2618
898,221,2541,2563
95,35,2544,2942
89,29,2545,2393
531,125,2543,1040
234,80,2548,2538
224,81,2529,2311
1238,193,2542,2104
171,90,2546,2597
377,103,2547,2331
4,1,2550,1892
2688,427,2549,2516
12,3,2558,3218
192,83,2553,2297
418,205,2554,2578
1601,328,2560,2485
26,23,2551,2283
612,94,2555,1875
17,5,2559,2531
136,45,2564,2450
440,109,2565,2464
586,139,2563,2341
258,86,2561,2407
752,240,2557,2596
137,47,2568,2470
1,1,2566,1979
45,27,2556,2625
214,65,2552,2291
57,17,2570,2583
25,4,2569,2571
89,72,2562,2319
24,6,2567,1930
25,5,2571,2569
40,13,2575,2403
599,191,2572,2514
49,21,2574,1857
67,29,2578,2611
43,17,2580,2506
245,131,2582,2352
24,25,2577,2551
161,59,2576,2583
432,188,2579,2464
103,49,2584,2446
776,217,2586,2383
1,1,2588,1969
125,55,2581,2602
41,16,2583,2522
140,65,2592,2523
72,29,2573,2351
1148,364,2591,2421
88,28,2590,2235
1255,229,2595,2503
566,203,2589,2415
1145,211,2594,2495
25,27,2593,2618
5567,698,2587,2288
184,77,2585,1906
3852,678,2600,2310
11,1,2604,2402
909,268,2596,2557
79,30,2603,2451
171,83,2597,2546
10,3,2601,2286
637,170,2599,2548
931,236,2608,3102
125,76,2602,2581
254,103,2598,2453
25,9,2610,2293
68,44,2606,2276
67,30,2611,2578
129,56,2609,2526
1,1,2615,1997
318,101,2614,2497
282,111,2605,2430
576,153,2619,2284
163,50,2607,2350
637,269,2620,2360
271,106,2616,2303
2119,250,2617,2611
25,14,2618,2593
70,43,2623,2234
45,17,2625,2556
876,218,2622,2311
1120,177,2628,2633
172,70,2613,2337
30,4,2629,2718
808,251,2621,2303
230,51,2624,2407
104,46,2612,2355
719,124,2631,2743
161,21,2633,2628
157,52,2627,2703
75,20,2634,2862
602,91,2635,2854
457,145,2630,2755
1383,214,2632,2707
622,142,2637,2651
1237,332,2638,2861
27,24,2641,2732
3756,579,2643,2818
42,15,2640,2709
3028,448,2639,2195
2677,388,2645,2848
2496,402,2646,2765
119,12,2626,2713
1204,243,2644,2741
295,92,2648,2630
525,153,2636,2648
415,95,2651,2750
90,31,2650,2662
2004,295,2652,2637
225,67,2653,2698
482,82,2647,221
288,95,2656,2762
516,236,2657,2728
1,1,2642,2795
69,7,2649,2865
476,151,2659,2835
557,161,2654,2756
3468,528,2660,2638
90,35,2662,2650
754,152,2663,2693
290,91,2664,2733
146,68,2666,1094
223,112,2655,2867
390,179,2669,1465
2687,459,2665,2642
16271,2369,2668,1951
684,225,2672,3518
1914,359,2661,1914
51,12,2671,2830
533,132,2667,2641
2880,435,2676,2883
2448,268,2678,2700
1304,411,2658,2885
658,129,2674,2702
514,117,2673,2722
4818,544,2681,2781
1338,272,2675,2683
2009,395,2680,2886
812,326,2677,2866
2786,422,2670,2817
1,1,2682,2814
701,183,2685,2704
330,89,2686,2758
219,116,2684,2778
1032,196,2679,2880
5,1,2689,2764
1411,483,2683,2675
2995,529,2688,2700
85,9,2687,2722
8,1,2692,2712
210,111,2691,2712
716,237,2690,2710
986,254,2696,2884
825,187,2697,2812
462,143,2693,2752
157,63,2695,2761
266,89,2699,2718
176,39,2698,1230
90,7,2694,2786
157,55,2703,2627
236,125,2704,2807
59,17,2705,2775
1542,252,2706,2702
42,17,2709,2640
171,68,2701,2798
4423,601,2700,2688
8,2,2712,2692
18,2,2702,2706
447,105,2711,2796
28,3,2713,3518
1033,219,2707,2851
790,333,2708,2809
427,95,2717,2754
233,48,2710,2877
357,80,2714,2746
833,182,2716,3307
400,107,2721,2849
13,3,2723,2815
300,93,2718,2629
1202,203,2720,1068
24,8,2724,3307
414,88,2715,2772
73,20,2725,2757
1492,133,2719,2007
3,1,2726,3520
516,236,2728,2657
549,150,2731,2744
24,2,2722,2673
37,40,2732,2641
1,1,2727,2737
144,64,2729,2785
816,119,2730,2738
3792,560,2736,2783
193,24,2735,1400
533,118,2733,2664
1,1,2737,2727
870,227,2740,2752
1994,245,2739,2797
227,102,2738,2822
6,2,2744,2804
1344,297,2745,2749
229,115,2743,2875
972,151,2749,2632
4,1,2746,2873
2274,174,2734,2700
808,226,2742,2871
1860,404,2741,2644
329,97,2755,2630
112,34,2747,2703
115,24,2750,2651
553,205,2752,2740
487,102,2754,2806
73,16,2757,2725
503,111,2748,2873
762,195,2758,2686
204,63,2751,1974
32,12,2759,2807
157,85,2761,2695
1266,253,2763,2745
788,203,2764,2689
543,176,2766,2854
874,400,2760,2725
360,140,2756,2808
7,1,2753,2826
1682,269,2765,2819
808,140,2768,2837
667,136,2771,2872
1399,281,2769,2822
762,181,2762,2656
522,172,2767,2839
1019,217,2775,2705
788,232,2776,2771
2631,441,2774,2645
274,125,2773,2863
1322,289,2779,2667
190,24,2780,2782
974,184,2781,2841
190,33,2782,2780
323,67,2772,2845
2920,522,2783,2819
643,130,2770,2878
243,77,2777,2659
1218,459,2787,2860
90,12,2786,2694
471,146,2778,2687
111,35,2788,2883
213,99,2789,2870
709,224,2793,1151
623,208,2794,2804
364,134,2784,2078
1436,284,2792,2731
144,50,2785,2729
440,156,2790,2723
2407,489,2791,2864
1,1,2795,2642
284,76,2800,2768
1760,285,2797,2739
383,170,2803,2877
608,246,2798,2701
6,2,2804,2744
47,18,2806,2754
32,14,2807,2759
446,114,2796,2711
358,79,2799,2770
203,89,2805,2829
788,227,2809,2708
14,4,2810,2737
734,157,2808,2756
395,152,2812,2825
4449,739,2802,2817
293,153,2813,2870
13,3,2815,2723
220,49,2816,2843
776,223,2801,2788
1349,243,2821,2779
3611,580,2819,2783
227,76,2822,2738
1297,215,2811,2820
1312,219,2818,2824
2184,393,2824,2818
395,163,2825,2812
1142,265,2820,2811
1563,322,2827,2635
2786,447,2817,2670
252,82,2823,2876
1,1,2814,2682
187,70,2828,2682
155,68,2829,2814
203,126,2832,2881
476,126,2835,2659
246,78,2834,2657
305,138,2830,2671
470,105,2826,2753
1406,256,2833,2882
1224,247,2831,2691
401,145,2839,2767
4334,536,2838,2839
314,119,2844,2854
1,1,2840,117
366,120,2842,2880
401,101,2846,2685
453,117,2845,2772
111,62,2836,2718
1,1,2837,2768
1401,246,2848,2741
20,5,2847,2862
78,12,2851,2707
689,168,2853,2834
1462,235,2854,2635
170,76,2852,2650
1425,264,2856,2796
220,60,2843,2816
334,94,2855,2775
1155,337,2850,2809
600,200,2849,2721
725,206,2861,2638
271,99,2857,2762
866,343,2860,2787
766,217,2859,2764
367,146,2858,2867
20,4,2862,2847
274,114,2863,2773
69,11,2865,2649
178,46,2867,2655
1813,329,2866,1974
974,176,2841,2781
293,145,2870,2813
858,258,2871,2742
1959,415,2874,2872
229,68,2875,2743
2270,636,2864,2791
590,208,2872,2771
64,14,2877,2803
834,183,2869,2311
1316,275,2879,7
522,250,2868,2671
147,91,2881,2832
688,210,2882,2768
549,132,2878,2770
4,1,2873,2746
327,125,2886,2653
1,1,2887,3018
252,94,2876,2823
242,65,2888,3018
997,141,2890,959
1545,392,2884,2696
111,46,2883,2788
52,34,2893,3036
1045,192,2894,325
30,15,2889,3166
3242,660,2891,2600
357,154,2880,2842
358,109,2885,2659
1696,352,2898,3176
1254,236,2895,2916
882,244,2896,3119
577,203,2902,3024
239,90,2903,2973
374,124,2899,3095
1,1,2904,3067
54,32,2901,3030
13,4,2906,3083
291,84,2907,2955
35,16,2909,3004
2223,285,2897,3123
314,97,2910,3187
2686,423,2912,2962
2380,558,2892,3049
1940,375,2908,3384
289,138,2911,3030
145,60,2905,3109
1176,261,2914,2962
737,246,2900,2951
73,31,2915,3022
809,186,2913,3033
121,55,2920,3113
51,24,2922,3127
53,26,2923,3050
1550,380,2917,3202
954,227,2919,3126
3060,504,2924,3029
74,23,2928,3052
2,1,2916,3048
8,2,2926,3106
22,7,2929,2995
55,33,2921,2938
661,236,2925,2941
1265,389,2932,3188
198,55,2930,3095
770,170,2918,3209
250,100,2934,3199
16,4,2937,3033
35,10,2933,3009
131,55,2936,3110
40,30,2938,3056
293,135,2943,1534
377,146,2942,2544
4129,503,2931,3017
2845,521,2940,2948
40,13,2939,3149
126,66,2947,2957
414,127,2941,3123
1651,385,2946,2902
1251,362,2948,2940
6,1,2945,3120
238,67,2944,1546
382,187,2949,3184
44,21,2935,3002
107,74,2927,3169
400,166,2953,2889
132,72,2957,2947
71,14,2955,2987
737,246,2951,3187
323,98,2952,3002
25,9,2961,3056
115,35,2956,2901
795,228,2958,3028
728,245,2954,2900
1411,243,2963,3161
1,1,2964,2976
1498,280,2960,2391
30,3,2962,2912
2377,456,2968,1577
85,62,2967,2991
4787,729,2966,1600
4,1,2950,3203
2355,421,2965,2924
204,60,2959,3045
301,101,2975,3042
1,1,2976,2964
806,151,2973,2903
376,109,2971,2969
1263,288,2970,3197
65,24,2978,3075
31,11,2979,3517
508,144,2969,2971
12,5,2977,3159
1167,298,2982,3167
730,128,2974,3162
297,122,2980,3110
1934,352,2983,3067
1309,467,2981,3061
70,12,2987,2955
379,138,2986,3011
12,1,2972,3190
198,126,2984,3026
685,168,2990,3196
721,249,2992,2978
22,6,2995,2929
232,117,2994,3004
85,41,2991,2967
926,207,2988,3136
1125,240,2985,3232
179,102,2993,2998
117,46,2997,3058
707,197,3000,3061
179,75,2998,2993
90,60,2989,2921
1,1,3005,1581
35,11,3004,2909
38,12,3003,3015
44,32,3002,2935
114,52,2996,3182
398,93,3006,3013
395,144,3001,3148
54,39,3011,3090
86,63,3010,3127
45,14,2999,2314
416,205,3016,3059
417,109,3014,3135
479,173,3012,3182
34,11,3009,2933
10,3,3015,3063
69,19,3019,3057
4079,463,3017,2931
63,33,3007,3067
1922,447,3008,2943
726,285,3020,3008
508,162,3021,3158
303,115,3024,2902
651,220,3025,2979
1,1,3018,2887
666,209,3028,2958
129,29,3027,3003
1727,465,3023,3079
109,29,3013,3072
38,17,3026,2984
1044,278,3029,2920
81,28,3032,3140
530,231,3031,3086
54,56,3030,2901
86,50,3035,3200
73,42,3022,2915
184,70,3039,3199
52,23,3036,2893
16,5,3033,2937
67,17,3042,2906
475,107,3041,3183
127,102,3034,3093
54,18,3037,3048
214,68,3040,3183
102,34,3047,3146
1938,335,3046,3044
2,1,3048,2916
1097,274,3044,3043
614,170,3038,3019
2546,528,3049,2892
323,121,3052,3070
1203,294,3051,3081
65,31,3053,3206
163,49,3045,3107
53,14,3050,2923
1450,237,3043,3044
151,14,3055,3175
117,75,3058,2997
1641,348,3060,2956
943,241,3062,3116
10,1,3063,3015
110,54,3064,3093
206,55,3054,2501
76,20,3056,3180
367,112,3059,3016
751,167,3061,3195
69,20,3057,3019
270,115,3065,2922
1,1,3067,2904
231,88,3071,3010
46,29,3070,3107
226,112,3073,3134
14,1,3076,3184
582,185,3074,3099
21,7,3077,3099
51,19,3075,3088
1384,396,3069,3019
1316,305,3080,3168
800,383,3068,2895
473,116,3081,3051
713,255,3079,3032
555,99,3082,1330
298,116,3066,2989
110,59,3072,3013
1324,380,3086,3031
600,245,3089,3188
391,161,3084,3096
280,109,3087,3189
4009,533,3078,3168
717,198,3085,3158
13,1,3083,2906
6,2,3088,3134
3250,441,3091,2894
172,107,3093,3034
90,47,3097,3009
54,41,3090,3011
2228,498,3094,3008
1000,278,3096,2975
487,174,3101,3108
70,38,3092,3178
82,25,3095,3036
2207,338,3103,3156
101,22,3100,3130
742,284,3098,3115
184,54,3105,3001
21,8,3099,3077
131,41,3110,2936
281,92,3102,2608
8,2,3106,2926
158,67,3114,3015
2991,463,3111,3147
46,17,3107,3070
943,233,3116,3062
120,77,3115,3098
664,158,3112,2408
368,94,3108,325
83,31,3109,2978
183,79,3104,3016
754,199,3117,3086
300,100,3121,3208
4,1,3123,2897
4,1,3124,3177
208,77,3122,3110
121,45,3113,2920
722,185,3120,2945
104,62,3126,2909
127,69,3128,3198
2380,375,3129,2939
8,2,3131,3152
209,90,3118,3159
254,42,3119,2923
434,110,3133,3125
6,1,3134,3088
51,34,3127,2922
139,72,3136,2988
27,25,3137,3154
279,120,3132,3155
434,168,3135,2995
382,136,3138,3139
338,119,3143,3176
210,77,3139,3197
102,16,3130,3100
637,255,3125,3133
171,78,3144,3169
102,48,3146,3047
248,141,3141,3099
847,312,3142,3100
2424,358,3145,3001
1548,238,3149,2939
200,65,3147,3111
740,295,3140,3032
444,143,3150,2903
118,58,3151,3007
202,94,3156,3173
309,134,3148,3001
218,76,3153,3157
206,91,3158,3021
1114,323,3157,3153
27,14,3154,3137
186,81,3160,3032
13,22,3159,2977
1727,251,3161,2963
748,194,3163,3212
8,2,3152,3131
4525,963,3165,2896
1180,352,3167,2982
1297,154,3162,2974
341,148,3155,3132
30,28,3166,2889
3671,427,3172,3017
972,234,3171,849
155,80,3164,2929
1076,187,3174,3111
99,9,3176,3143
1,1,3175,3092
4,1,3177,3124
202,82,3173,3156
1353,318,3168,3080
114,36,3182,2996
604,235,3170,3052
1551,329,3180,3056
109,14,3185,3209
901,266,3183,3041
71,30,3178,3092
1827,479,3186,2480
865,194,3179,2539
171,96,3169,3144
553,224,3188,3089
223,86,3189,3087
12,4,3187,2951
1426,375,3191,2599
347,121,3190,2972
368,199,3181,3053
1601,276,3194,2903
122,58,3193,1597
456,83,3197,2326
158,50,3192,2950
202,90,3198,3128
287,87,3195,3061
278,109,3202,2917
4,1,3203,2950
249,135,3199,2934
752,220,3201,2394
685,148,3196,2990
1048,197,3205,1410
65,43,3206,3053
47,14,3200,3106
16,5,3207,1603
168,84,3204,445
8,1,3209,2918
259,84,3208,3121
147,65,3211,445
2129,175,3214,3213
681,169,3212,3062
1804,251,3216,1901
5033,545,3215,2642
2834,286,3213,3214
14,2,3184,3076
3062,363,3217,3216
3910,488,3223,2985
2058,489,3221,1125
2983,366,3220,3241
76,27,3222,0
617,201,3210,3144
2022,299,3226,3229
62,10,3228,3237
897,182,3229,3240
47,33,3231,3242
746,103,3225,3245
1561,212,3232,2985
906,217,3233,3234
646,99,3219,1483
573,131,3224,3243
357,105,3230,3244
12,3,3218,2558
287,135,3236,3250
1887,216,3241,3238
152,37,3239,3246
266,99,3227,3224
752,203,3235,3248
573,150,3243,3224
1879,197,3238,3241
1132,280,3234,3233
398,98,3247,3225
47,22,3242,3231
477,117,3246,3239
357,126,3244,3230
456,142,3249,3245
62,11,3237,3228
593,197,3240,3227
752,204,3248,3235
333,139,3250,3236
1080,258,3253,1406
66,46,3256,3315
550,117,3251,3252
4,1,3257,3446
124,25,3245,3249
184,58,3258,3327
550,123,3252,3251
1395,542,3255,606
126,40,3259,3498
1067,145,3254,1706
310,94,3260,1823
99,38,3263,3424
586,140,3261,1713
1573,230,3262,1224
8,4,3268,3407
1327,223,3266,3357
475,174,3265,3331
47,18,3269,1694
53,27,3270,3295
39,12,3264,3414
22,12,3267,3381
104,39,3272,3316
13,5,3276,3348
246,164,3271,3447
147,59,3273,3481
54,32,3277,3373
335,165,3279,3382
21,10,3280,623
67,32,3281,623
16,5,3278,3295
52,50,3282,3412
449,80,3274,3453
932,234,3283,3422
19,4,3286,1891
109,40,3289,3366
208,94,3284,3473
585,57,3291,582
102,18,3292,3408
31,22,3288,3432
5,1,3287,2332
124,63,3293,3331
498,157,3285,3296
298,72,3275,3326
114,52,3297,3401
16,6,3295,3278
70,33,3290,3452
1156,253,3298,3328
67,42,3301,3478
4384,632,3300,553
1250,275,3294,3443
103,68,3305,1835
524,138,3296,3285
2084,410,3303,1223
471,144,3306,3491
253,57,3299,3484
105,51,3311,1762
16,6,3308,3269
1,1,3302,3488
570,149,3310,3475
375,133,3304,3440
26,7,3307,2724
223,87,3312,338
76,69,3316,3466
945,468,3315,3256
769,224,3318,260
156,75,3314,3414
1847,394,3321,2879
22,6,3319,1687
130,89,3313,3447
32,8,3323,3386
333,151,3324,3367
85,26,3317,1293
69,23,3325,688
1943,341,3329,7
277,104,3309,3292
154,60,3328,392
107,48,3320,3486
371,135,3322,3257
4,1,3327,3464
2342,387,3332,3466
60,33,3330,3470
453,97,3334,3296
86,40,3331,3293
646,189,3337,3496
5,2,3336,3362
54,21,3338,3494
880,456,3326,3415
2335,389,3335,3390
952,224,3342,307
486,169,3339,3460
436,136,3341,688
560,198,3344,3356
7,2,3343,3350
56,34,3333,3303
114,46,3340,3287
13,4,3348,3276
98,44,3347,392
7,1,3350,3343
1491,408,3349,1694
19,1,3351,392
21,8,3354,3360
264,111,3353,307
135,62,3356,3344
364,194,3345,3476
6,2,3352,1711
236,127,3359,3374
91,36,3360,1164
300,172,3361,3348
5,1,3362,3336
11,4,3365,3368
1476,284,3346,3378
60,41,3355,3452
597,100,3358,3485
117,50,3363,3384
3108,428,3357,3266
397,72,3367,3324
11,4,3368,3365
22,6,3371,3395
109,48,3366,3289
1,1,3369,1694
1202,413,3372,3375
14,22,3364,3436
236,107,3374,3359
1062,284,3377,3495
36,14,3376,3365
1204,289,3378,3406
29,22,3373,3352
252,80,3370,1782
1,1,3380,3413
11,4,3379,3483
22,25,3381,3267
12,4,3383,3425
42,19,3385,3478
1212,299,3386,3323
263,144,3384,3363
335,158,3382,3279
142,70,3375,3355
100,87,3388,3444
21,7,3389,3394
18,3,3390,3335
71,26,3387,3336
115,56,3392,3446
2445,280,3396,3300
129,38,3391,3403
124,54,3393,3411
182,43,3400,3417
345,156,3397,3501
46,20,3399,3472
1372,210,3398,1650
125,67,3401,3297
8,3,3407,3268
727,294,3402,3322
22,6,3395,3371
21,7,3394,3389
53,24,3409,3427
101,54,3408,3497
196,92,3404,1777
9,3,3405,1836
93,47,3411,3393
40,10,3406,3378
129,34,3403,3391
134,47,3415,3326
52,29,3412,3282
39,23,3414,3264
174,99,3419,3308
49,26,3418,3487
444,208,3413,3380
48,15,3422,3426
143,63,3410,3293
780,158,3423,3323
756,163,3417,3400
1378,276,3421,3387
12,5,3425,3383
731,178,3426,3422
128,63,3427,734
97,36,3430,3346
732,145,3428,3423
11,2,3431,1644
392,158,3420,3259
99,64,3424,3263
1669,408,3429,3322
12,4,3432,3276
1804,308,3437,512
470,141,3434,1321
213,79,3416,1687
72,56,3440,3331
14,10,3436,3364
1858,375,3435,594
388,167,3438,3399
219,85,3441,3399
324,106,3433,3383
96,38,3445,3366
75,11,3448,3346
130,53,3447,3313
4,1,3446,3257
446,104,3449,1704
75,32,3439,3503
60,41,3452,3355
317,126,3450,3405
622,124,3453,3274
127,71,3442,3327
1234,268,3443,3365
228,49,3451,3485
23,14,3454,3502
515,141,3456,3390
106,68,3460,3475
37,18,3459,3503
323,114,3444,1231
689,235,3458,3267
456,112,3457,3392
39,16,3461,3418
1657,293,3463,3334
259,55,3462,3404
1,1,3455,977
11,2,3466,3332
315,110,3467,3385
77,21,3465,3441
111,34,3468,3290
60,20,3470,3330
53,24,3473,3490
46,22,3476,3407
879,283,3469,340
5,2,3464,3327
46,33,3472,3399
353,155,3479,616
96,66,3480,3381
343,134,3474,3496
369,148,3471,3476
54,13,3477,3415
295,112,3484,584
47,14,3481,3282
446,134,3475,3310
164,54,3482,3264
42,26,3478,3385
4,1,3487,1709
195,70,3491,3337
7,2,3490,3499
131,22,3485,3358
1,1,3488,3302
1073,283,3495,3377
124,33,3493,1568
174,69,3494,3338
11,4,3483,3379
111,47,3492,1250
1043,207,3486,3320
106,55,3497,3408
134,64,3498,3259
38,36,3489,1709
23,27,3502,3454
1178,214,3500,1823
259,76,3496,3337
7,2,3499,3490
392,126,3505,1851
39,15,3507,1006
7,2,3510,821
143,57,3504,3281
37,29,3503,3459
529,171,3501,1823
66,21,3509,136
8,2,3508,139
217,96,3506,962
37,3,3515,1798
5,1,3516,1726
300,113,3514,1021
30,10,3518,2672
1,1,3511,1411
46,11,3519,1181
321,114,3512,1799
22,1,3513,492
1,1,3522,1032
31,11,3517,2979
241,118,3520,2726
39,10,3521,1537
